flight_id	timestamp	altitude	speed	temperature
1006	2024-01-01 00:00:00	58.67849036663180	66.3265249769713	60.339251430855600
1003	2024-01-01 00:01:00	40.634859825032600	47.3908773388287	52.85344840443250
1007	2024-01-01 00:02:00	41.244749731881300	59.44490972391200	53.98983328790580
1004	2024-01-01 00:03:00	52.046102095249100	43.107709297831400	56.55603912873430
1006	2024-01-01 00:04:00	43.973521946946800	46.975331617926500	53.792808718226500
1009	2024-01-01 00:05:00	63.01849168160100	41.85036015434560	66.09074172473280
1002	2024-01-01 00:06:00	43.72581115622520	28.668669649294900	39.59708271772390
1006	2024-01-01 00:07:00	45.04610757068750	49.63466650081390	52.40424876838790
1007	2024-01-01 00:08:00	54.18839413868490	51.28451737597750	31.817595660028500
1004	2024-01-01 00:09:00	46.10711808272510	60.65860998761640	29.26253812813460
1003	2024-01-01 00:10:00	37.65055606462590	57.954382526692900	49.18328969148020
1007	2024-01-01 00:11:00	39.00644175167910	58.08952899039000	55.43379568944760
1007	2024-01-01 00:12:00	55.377659584069600	40.25963776882120	66.30667777237570
1002	2024-01-01 00:13:00	36.4128848543794	54.59497306070690	74.19791733010460
1005	2024-01-01 00:14:00	63.97164427548810	65.82593965481590	63.19860670665480
1004	2024-01-01 00:15:00	43.0960071569825	53.79867850709080	57.27165744398030
1001	2024-01-01 00:16:00	56.16215816968060	68.28593613065000	51.599648557738200
1007	2024-01-01 00:17:00	43.69587375970370	70.18966111119860	34.68771936816620
1005	2024-01-01 00:18:00	40.847586200036300	47.315317297083500	48.539633942582000
1001	2024-01-01 00:19:00	52.46103682290180	43.030602549194300	62.903767512582300
1004	2024-01-01 00:20:00	60.517834670159000	42.3853783458105	58.98281856028040
1000	2024-01-01 00:21:00	47.52632249139900	34.8386417989678	37.13665853317050
1009	2024-01-01 00:22:00	49.3452264624254	44.81597100584480	56.1402564725848
1005	2024-01-01 00:23:00	58.07417361082800	62.076654497562500	55.2839281186772
1008	2024-01-01 00:24:00	58.405272502515600	27.9596242474876	53.498901201147400
1000	2024-01-01 00:25:00	49.615082799802600	39.62546599286250	49.721444446226700
1009	2024-01-01 00:26:00	45.565201075147100	48.72868558348000	56.65583966944190
1002	2024-01-01 00:27:00	50.826559594450300	41.228147993783	56.97313038912400
1006	2024-01-01 00:28:00	48.09088508611660	44.7271405575978	43.585412345685900
1003	2024-01-01 00:29:00	53.129741518168500	44.87670325577700	54.55014061382100
1008	2024-01-01 00:30:00	38.057295731542500	47.42459779938250	48.10604859252790
1002	2024-01-01 00:31:00	52.771815793587500	42.70545303890260	35.12766132253760
1004	2024-01-01 00:32:00	42.81696583829250	41.88786786144450	44.38392964961840
1002	2024-01-01 00:33:00	59.05887611490500	59.343097459212300	34.36310314654580
1006	2024-01-01 00:34:00	43.275321506294800	60.49654177860350	59.800935350701000
1004	2024-01-01 00:35:00	43.44890232809070	36.19456654752590	53.55889377554320
1008	2024-01-01 00:36:00	54.453988244117400	22.40402600727120	46.44509388794060
1006	2024-01-01 00:37:00	50.142118888162000	60.63374849570930	64.20521343288650
1001	2024-01-01 00:38:00	72.76651626398840	37.71199581447860	50.679909075811700
1003	2024-01-01 00:39:00	33.70697389445750	52.1274483845974	35.68777244033130
1008	2024-01-01 00:40:00	51.098529469547400	34.34328126971780	45.60521459816190
1001	2024-01-01 00:41:00	61.2964948497237	62.977549852596700	66.32854187273290
1009	2024-01-01 00:42:00	44.216860770727000	75.43667895301530	43.30524374910860
1008	2024-01-01 00:43:00	40.8944215526012	51.82806909205340	52.7522128875783
1009	2024-01-01 00:44:00	41.29135352353670	49.05897351540480	57.43876624514640
1004	2024-01-01 00:45:00	33.88038820349920	46.77860424809940	55.89948484554940
1001	2024-01-01 00:46:00	63.49704627310700	57.81799311312910	74.494597989581
1003	2024-01-01 00:47:00	46.703826581935900	55.676867509345900	38.23696743076730
1006	2024-01-01 00:48:00	45.5197286019977	60.03498453552870	39.23536919467200
1007	2024-01-01 00:49:00	28.759019256698300	43.720834774019200	38.40245552897870
1002	2024-01-01 00:50:00	35.662914275381200	53.40117706404650	47.04081578983120
1000	2024-01-01 00:51:00	64.65389755519090	44.57531933293800	60.99377388182450
1003	2024-01-01 00:52:00	53.031056661005800	39.422843519299500	39.68265420203490
1001	2024-01-01 00:53:00	61.665008299251100	49.589845789965400	61.13360505943940
1007	2024-01-01 00:54:00	60.399924398298300	40.77487269622920	50.35126669927740
1003	2024-01-01 00:55:00	39.9937971942706	61.73726997742590	38.910033067890800
1001	2024-01-01 00:56:00	74.29847728653970	41.38079621984180	32.486300434321400
1005	2024-01-01 00:57:00	69.49732595601230	53.6354594068736	34.72429506190670
1005	2024-01-01 00:58:00	44.362335578769600	43.965777012402800	43.341465917660800
1009	2024-01-01 00:59:00	14.317947006401200	52.77062750437510	48.308488242566800
1003	2024-01-01 01:00:00	46.43467910055920	44.760034265446400	63.46062976730450
1005	2024-01-01 01:01:00	52.38296262121450	37.42788725142460	57.990882121882400
1001	2024-01-01 01:02:00	44.322809652243100	54.83772740951850	41.61058747919700
1009	2024-01-01 01:03:00	47.78477903315280	47.64584378086780	54.086652833721700
1001	2024-01-01 01:04:00	41.713419636622100	52.859849407224600	66.51546269192240
1009	2024-01-01 01:05:00	59.216347183538500	45.71157064369560	68.73917421030040
1003	2024-01-01 01:06:00	50.63633240368560	36.72063486231550	46.855939884464000
1007	2024-01-01 01:07:00	59.51514062942950	60.831785970562600	59.582884297050000
1006	2024-01-01 01:08:00	62.22203346207940	57.367577554410900	63.89955366887820
1008	2024-01-01 01:09:00	28.25676435913350	44.33039024446760	34.92928076821610
1007	2024-01-01 01:10:00	42.29477789165900	50.69779213498800	44.87592912840300
1004	2024-01-01 01:11:00	43.75970706359460	60.420194831629400	72.20018734423260
1001	2024-01-01 01:12:00	75.71372359688780	45.42961664137600	46.989638898791000
1004	2024-01-01 01:13:00	51.490053669003200	46.981154948094500	20.710486352989000
1007	2024-01-01 01:14:00	58.12560596363060	52.43632500007370	48.79038189613280
1009	2024-01-01 01:15:00	31.193082307254900	45.40908936445410	61.24625499115860
1008	2024-01-01 01:16:00	51.43215452497520	58.570919969870200	50.06510436800900
1008	2024-01-01 01:17:00	59.782929821162600	48.31099219692560	57.15363946800630
1000	2024-01-01 01:18:00	58.61965085060160	42.15964125006030	59.382219976557300
1008	2024-01-01 01:19:00	56.23399438916350	56.08638829874000	46.45062548567720
1006	2024-01-01 01:20:00	50.130005064951300	38.57869350568650	44.80607013585620
1008	2024-01-01 01:21:00	50.61568620625450	70.14878561124210	51.53440975954270
1007	2024-01-01 01:22:00	33.067338252902100	65.82496363580200	51.77778922929880
1000	2024-01-01 01:23:00	40.99467114812860	55.134954769210200	50.54076819846970
1007	2024-01-01 01:24:00	52.30943956388160	54.29331021819900	50.95156522682460
1007	2024-01-01 01:25:00	42.840241930737900	53.82441417819300	42.51453865379260
1002	2024-01-01 01:26:00	56.88838247032790	45.10905214081090	57.50286910080950
1000	2024-01-01 01:27:00	54.667825502648600	52.97309645680840	55.99231947112970
1007	2024-01-01 01:28:00	63.67370254721990	40.768673895421500	36.63991633364540
1002	2024-01-01 01:29:00	59.58253826152570	55.038184184401800	46.108376829140300
1002	2024-01-01 01:30:00	52.27261409134570	58.67846943031300	50.93079872539450
1000	2024-01-01 01:31:00	57.47980434061920	46.219138990166700	44.65686997723830
1004	2024-01-01 01:32:00	60.05102162299660	44.04898205845280	56.37371977587790
1009	2024-01-01 01:33:00	44.92562714092020	37.8752297535209	49.33117461542860
1006	2024-01-01 01:34:00	46.70669001680200	64.57955233565690	51.69072529455190
1009	2024-01-01 01:35:00	49.03173962606590	44.843359661577900	45.992906925169300
1008	2024-01-01 01:36:00	45.24469455835650	48.01260963983380	30.067811765893900
1006	2024-01-01 01:37:00	60.156869450634800	53.001555849957300	29.496516784375500
1008	2024-01-01 01:38:00	43.72689458322700	52.822076428899300	55.89609546692030
1007	2024-01-01 01:39:00	62.51651471399830	57.4656009568107	52.66912076489390
1001	2024-01-01 01:40:00	46.330268011196200	46.20670080161670	54.38662206351090
1000	2024-01-01 01:41:00	54.72396642839360	38.61332061529090	51.34472842062910
1006	2024-01-01 01:42:00	51.664151487628900	36.86334691027680	52.14567403373520
1006	2024-01-01 01:43:00	40.24020191708330	44.207447671571500	59.69023373618790
1007	2024-01-01 01:44:00	49.8011027050921	40.48149525325380	54.44619372401410
1004	2024-01-01 01:45:00	53.33643531450600	46.963832946922400	60.40909350306110
1002	2024-01-01 01:46:00	49.357073128895000	63.07578810759980	51.71461841226600
1007	2024-01-01 01:47:00	36.57293441493720	46.22721794116310	46.99618259480230
1005	2024-01-01 01:48:00	67.01429243526170	46.22349138665440	51.94202862156250
1002	2024-01-01 01:49:00	50.87699482861740	49.83601223744210	41.63822118512700
1000	2024-01-01 01:50:00	42.05697424836480	45.94375008787930	46.20153071088090
1002	2024-01-01 01:51:00	66.20768023467280	49.32608764281810	51.77571308640040
1004	2024-01-01 01:52:00	56.17389809720330	55.408692224813500	51.64318331901010
1002	2024-01-01 01:53:00	37.99830003598390	58.847510547633100	48.93581119997010
1000	2024-01-01 01:54:00	39.55505253600120	60.03213199739020	36.11815289825790
1004	2024-01-01 01:55:00	47.77605280112160	70.5685222073102	56.364095464207100
1009	2024-01-01 01:56:00	52.97306978849820	55.69359446172440	58.34228406599550
1006	2024-01-01 01:57:00	56.227998314639200	72.34478901349310	66.43690495252240
1006	2024-01-01 01:58:00	59.50178479528570	42.23518191940360	54.41775996588730
1008	2024-01-01 01:59:00	55.39572406400140	70.91284902424580	50.01461834191480
1009	2024-01-01 02:00:00	63.46745978641000	46.1962394578041	39.8697049038985
1009	2024-01-01 02:01:00	51.2679315968047	47.17981069236960	64.92017869361060
1002	2024-01-01 02:02:00	42.403606195217800	48.80127452577130	52.47832976874020
1006	2024-01-01 02:03:00	49.966491303410300	47.81379288841270	51.933731738254600
1000	2024-01-01 02:04:00	49.31019339654210	50.85840396726500	47.45943801821150
1003	2024-01-01 02:05:00	24.21784570337510	44.199719975115600	46.82030433565140
1003	2024-01-01 02:06:00	44.386331409043400	58.299621730713700	56.88266734050850
1004	2024-01-01 02:07:00	53.14203732950450	44.471649653788200	39.78559377341410
1006	2024-01-01 02:08:00	45.75784434788210	56.55610398252890	66.2543185915878
1006	2024-01-01 02:09:00	43.53790638177000	65.27723619523770	64.07526457538370
1003	2024-01-01 02:10:00	59.113761958045600	46.4289763019226	46.45938453132910
1006	2024-01-01 02:11:00	40.834541752245600	57.94383417979180	41.361354341269600
1002	2024-01-01 02:12:00	57.11622650470820	55.591592889031800	29.847940116445900
1005	2024-01-01 02:13:00	36.67255529211720	72.5288688221975	37.48586127515770
1001	2024-01-01 02:14:00	77.60761935726180	44.9516943515505	57.29911492882870
1009	2024-01-01 02:15:00	47.843144730987400	57.95071616805780	53.153418589006500
1008	2024-01-01 02:16:00	46.76734710703940	33.73988908223450	54.93653565306090
1004	2024-01-01 02:17:00	61.430659028899200	45.04141589263190	31.544203646758400
1005	2024-01-01 02:18:00	45.81295159193550	53.53392837596910	46.04184379897340
1003	2024-01-01 02:19:00	64.54927808325670	63.93159969089780	63.67272806282080
1009	2024-01-01 02:20:00	53.71593830486530	37.74066635015800	49.03972594680650
1006	2024-01-01 02:21:00	48.81602099453770	57.86090640741110	37.27705265376020
1008	2024-01-01 02:22:00	47.74994096629620	49.36776543517040	48.883976691571000
1006	2024-01-01 02:23:00	62.075921704302600	34.784723466076900	42.2898258163475
1000	2024-01-01 02:24:00	52.30487214603500	51.8158684594879	53.33679059945400
1000	2024-01-01 02:25:00	54.3230873119077	67.09161232978210	50.20545378887720
1008	2024-01-01 02:26:00	55.41001872603630	38.79577340088380	55.432966640822900
1008	2024-01-01 02:27:00	51.32936185222690	48.90062284629820	37.82076373234890
1003	2024-01-01 02:28:00	55.19872226349980	40.13361015360430	45.51283431334900
1008	2024-01-01 02:29:00	48.81676577319010	45.31417068089980	60.90434341399110
1002	2024-01-01 02:30:00	49.501913681734200	64.32170143524630	36.45719945564520
1006	2024-01-01 02:31:00	38.808850719732900	47.284755245086200	39.96887983960020
1005	2024-01-01 02:32:00	52.977602509184000	64.01565737515330	51.99297309992060
1007	2024-01-01 02:33:00	32.804589932877800	61.09054047931590	52.86729839083790
1008	2024-01-01 02:34:00	52.83558070610910	46.37262086515550	45.1115015725723
1004	2024-01-01 02:35:00	47.193839838351900	44.974005393937700	47.2156711736115
1000	2024-01-01 02:36:00	53.74585109450980	41.04001193185500	55.33225561555640
1002	2024-01-01 02:37:00	39.511716659183200	40.69118805806600	58.49635001759870
1009	2024-01-01 02:38:00	28.80642631961360	53.53207394507840	39.30778334710240
1007	2024-01-01 02:39:00	46.491346930264600	49.802146847850300	53.6431952062795
1005	2024-01-01 02:40:00	39.54087331142900	43.76394565070790	65.12016000005720
1007	2024-01-01 02:41:00	32.19443316789520	34.51237077876720	48.84107938638870
1008	2024-01-01 02:42:00	57.6798326969457	51.06178767822210	39.201608462114800
1003	2024-01-01 02:43:00	66.0123822714204	45.304478209386700	38.73908091172780
1000	2024-01-01 02:44:00	42.0304856422545	48.04702304417910	48.39262558688140
1000	2024-01-01 02:45:00	49.242291727785500	53.04661828698080	60.35847304867620
1009	2024-01-01 02:46:00	46.92214383320190	24.981971386121400	49.59244150153380
1003	2024-01-01 02:47:00	43.41101578023800	34.66725396290880	51.89231979905930
1006	2024-01-01 02:48:00	56.63737213888020	72.96443076805190	40.036583178262000
1001	2024-01-01 02:49:00	60.101414604286200	44.93389493300380	59.831176329765500
1002	2024-01-01 02:50:00	41.313928107344000	24.82566897602470	38.543414288346500
1000	2024-01-01 02:51:00	50.447668670949000	35.50059820483750	44.95503515728370
1004	2024-01-01 02:52:00	62.84533033933890	74.84467368641430	56.299148620462900
1000	2024-01-01 02:53:00	56.890362032149700	42.9700253973016	29.60568501680070
1007	2024-01-01 02:54:00	58.37697438400490	61.590152448971600	51.73961149685710
1000	2024-01-01 02:55:00	63.679853074424100	51.211179983372100	39.60926433608220
1000	2024-01-01 02:56:00	63.5484517237325	45.150329625010300	50.16549398909110
1001	2024-01-01 02:57:00	60.28642630303070	57.75445470763090	46.479443922880600
1001	2024-01-01 02:58:00	51.44937414781180	26.156433246437100	71.05834825348490
1005	2024-01-01 02:59:00	46.17516982541910	35.58867380143400	46.06878810800090
1006	2024-01-01 03:00:00	51.034777653131900	45.07648987860440	68.42651372883340
1004	2024-01-01 03:01:00	44.65593313976630	36.570956017303900	55.86952291183380
1000	2024-01-01 03:02:00	30.475131269893200	44.19222211496030	41.98541029270270
1000	2024-01-01 03:03:00	47.2050093419996	58.53713045682830	53.30810925259760
1002	2024-01-01 03:04:00	53.5752624383722	51.32136721335980	46.955902536621900
1001	2024-01-01 03:05:00	44.127305822338200	63.306170355095900	52.421574907412300
1004	2024-01-01 03:06:00	48.07220212761390	51.95375284351740	42.86109012566730
1009	2024-01-01 03:07:00	48.45963284033270	59.92460831494530	66.90177633345960
1005	2024-01-01 03:08:00	63.56856774218890	49.359296998715000	59.25398090796730
1006	2024-01-01 03:09:00	46.40562725975100	44.097245166402200	50.31781568161590
1003	2024-01-01 03:10:00	63.56633382183450	64.80568055541890	67.29114768069530
1006	2024-01-01 03:11:00	22.875095081520300	42.90649712063930	50.74279244082850
1007	2024-01-01 03:12:00	63.478557813290400	53.438448231243000	60.97624964861160
1000	2024-01-01 03:13:00	62.97406114862620	57.68897363224470	50.38300587522420
1005	2024-01-01 03:14:00	59.022546733891900	58.41492704470860	53.93887594810580
1007	2024-01-01 03:15:00	29.880819967962300	38.3455732977998	49.18561219057220
1004	2024-01-01 03:16:00	60.188869952224800	60.519504058282700	50.95301353873940
1003	2024-01-01 03:17:00	49.498808243247500	40.2104475389273	51.70531860388000
1001	2024-01-01 03:18:00	24.706625600753400	58.10703655349990	43.30268167511610
1005	2024-01-01 03:19:00	62.981777078347000	55.35173471049100	45.98931333076910
1005	2024-01-01 03:20:00	64.44173078548970	58.186306617799000	47.832449835138300
1000	2024-01-01 03:21:00	30.954879281348300	37.94996478900970	52.29711016802300
1008	2024-01-01 03:22:00	51.75421075300110	55.879297427343900	49.694209804965300
1005	2024-01-01 03:23:00	63.885911214441800	60.85593676408170	61.730325338257100
1002	2024-01-01 03:24:00	62.30161313457150	51.933957831617400	58.471183189796400
1003	2024-01-01 03:25:00	58.36061051159520	41.81383320395420	48.03672443974630
1003	2024-01-01 03:26:00	23.527471201024900	59.1974761432799	63.81783897451940
1002	2024-01-01 03:27:00	57.29542766635810	51.1391962810077	68.73020623575460
1009	2024-01-01 03:28:00	47.81896101626060	33.25555736172300	29.56173705077880
1002	2024-01-01 03:29:00	59.95857528718490	41.0381053768334	59.32290085066280
1002	2024-01-01 03:30:00	52.561614584338200	44.737054687730300	43.07015802668500
1003	2024-01-01 03:31:00	49.80118389711140	65.05818287639660	58.007480213233000
1006	2024-01-01 03:32:00	56.409038494092400	63.30183086306210	62.38237940646430
1003	2024-01-01 03:33:00	48.28086628928240	63.26968531056680	41.23007405489450
1008	2024-01-01 03:34:00	49.75722720108060	52.32360277683870	31.476729009842400
1000	2024-01-01 03:35:00	44.44776000871240	59.135947917792000	58.35434088215870
1007	2024-01-01 03:36:00	33.94591008815440	38.59220591314110	51.35402482483610
1006	2024-01-01 03:37:00	55.67853473771270	50.06803098392770	33.31561246097370
1001	2024-01-01 03:38:00	41.939696803294300	54.516327016496000	75.29564505462820
1007	2024-01-01 03:39:00	47.99208133959270	39.251009426908800	56.24419412256550
1000	2024-01-01 03:40:00	52.86973958453930	52.0991208964187	56.70100040125150
1008	2024-01-01 03:41:00	29.14782356434560	66.86639185804340	63.65817752562050
1008	2024-01-01 03:42:00	31.386510963231800	55.58769784560630	44.19176047153500
1001	2024-01-01 03:43:00	47.00261423390800	59.175452066641200	51.30454112088680
1006	2024-01-01 03:44:00	54.545634822996600	25.475930765677400	36.80678086220240
1009	2024-01-01 03:45:00	57.44038270649160	65.57968849152920	43.920515527148200
1002	2024-01-01 03:46:00	34.08685504124090	48.1387765224783	53.856600004692400
1006	2024-01-01 03:47:00	56.36631484412820	42.313136859299600	33.347153328675500
1009	2024-01-01 03:48:00	47.549303816836600	48.2536214819007	43.63710454321920
1008	2024-01-01 03:49:00	41.16842754903520	35.14977841719100	40.72066040062280
1003	2024-01-01 03:50:00	43.514481439406300	60.47942061752140	51.42092245620350
1000	2024-01-01 03:51:00	58.018573320401700	46.64604277226210	55.747012616653500
1001	2024-01-01 03:52:00	52.74005785085570	42.61369187973930	57.42152804376460
1000	2024-01-01 03:53:00	50.50306522755320	48.31944934311640	59.98816644778150
1004	2024-01-01 03:54:00	52.434957388079	61.180156545761400	63.72116846572370
1004	2024-01-01 03:55:00	59.28097776616190	51.31458400781220	56.07245453683410
1006	2024-01-01 03:56:00	49.02900432596680	35.903062304665300	68.87335898894420
1008	2024-01-01 03:57:00	50.543188864542400	54.64980829741080	51.19502521264680
1008	2024-01-01 03:58:00	61.38170740137810	40.71020045677380	48.26678845749450
1002	2024-01-01 03:59:00	46.684133757368400	28.438989686251800	56.0730736336004
1002	2024-01-01 04:00:00	56.18140595280680	64.96007212717180	47.83588825007410
1002	2024-01-01 04:01:00	44.962955193268600	54.57229874827690	68.5256472877505
1003	2024-01-01 04:02:00	45.84132658588220	49.21729336196590	61.30983473135210
1007	2024-01-01 04:03:00	48.95950243200360	46.54390485303300	57.50278144199510
1005	2024-01-01 04:04:00	55.15272852986770	63.97079500733320	51.31419344041350
1007	2024-01-01 04:05:00	61.94181962551070	80.87155150198410	45.92522828585140
1000	2024-01-01 04:06:00	50.96545263538780	54.48780518566520	57.013250045677600
1007	2024-01-01 04:07:00	35.00163088676460	39.70365317672120	38.729025481530400
1003	2024-01-01 04:08:00	56.31446293533940	48.45534481132020	65.34363533441020
1000	2024-01-01 04:09:00	74.53842174145710	54.30572672094050	48.22363294614630
1007	2024-01-01 04:10:00	51.0866883106735	26.504716930081300	53.05106733240730
1003	2024-01-01 04:11:00	32.912323608204200	53.34499201778120	40.90398923806710
1005	2024-01-01 04:12:00	51.696528894708500	54.36425129493080	57.22986263119220
1007	2024-01-01 04:13:00	49.96987396816160	63.263421979872200	45.462583871616700
1003	2024-01-01 04:14:00	49.128911566376100	62.221233023730500	56.49228790305100
1002	2024-01-01 04:15:00	59.454098999771300	51.111721602895400	57.57393468977390
1008	2024-01-01 04:16:00	63.782747863357200	65.14636906580360	43.52367886411460
1002	2024-01-01 04:17:00	56.83585745201080	70.35678319038760	38.764708790860100
1008	2024-01-01 04:18:00	48.66941915328930	50.279514552444600	65.31899916544550
1001	2024-01-01 04:19:00	61.256787843696300	54.181870784677500	48.077009659709200
1001	2024-01-01 04:20:00	35.06170358785760	32.32702646889420	52.24848816045640
1001	2024-01-01 04:21:00	42.839438792660100	35.49026737558910	54.85464524646740
1005	2024-01-01 04:22:00	43.9537222139827	41.61803685990480	37.462998701017800
1002	2024-01-01 04:23:00	49.690493520680700	45.56381695482950	54.626661368198900
1008	2024-01-01 04:24:00	55.06734662486840	39.03876975261930	50.99126536154640
1003	2024-01-01 04:25:00	47.992870516627200	49.64004588022760	43.564693022956100
1000	2024-01-01 04:26:00	40.939642054977300	45.86290832325380	38.43464015162270
1003	2024-01-01 04:27:00	59.7485028469613	60.70895231339620	56.0588554795727
1000	2024-01-01 04:28:00	47.64543277795310	45.25226354516290	61.277120081948800
1004	2024-01-01 04:29:00	51.021289208710300	27.132820517845100	51.78590517392800
1003	2024-01-01 04:30:00	55.510677454759100	51.2575117253542	35.65534658150310
1007	2024-01-01 04:31:00	50.388776079229500	49.85801975588660	39.426671828252700
1007	2024-01-01 04:32:00	50.432716947442900	41.379501185955100	45.67876290675950
1006	2024-01-01 04:33:00	60.3047342043583	50.94999883497040	65.6461974116075
1002	2024-01-01 04:34:00	51.513694745703800	39.24735411773670	47.53249337901120
1000	2024-01-01 04:35:00	58.62796985790490	53.298399536233400	45.314310772018000
1000	2024-01-01 04:36:00	55.446674443183900	76.32924436929850	33.26515200323890
1002	2024-01-01 04:37:00	70.16887544186920	31.943945270932300	43.43315209889890
1005	2024-01-01 04:38:00	54.094134178691300	44.8375791299084	37.6706364600917
1006	2024-01-01 04:39:00	56.37973270150770	43.23494878550860	39.968201690772
1005	2024-01-01 04:40:00	61.01656713996370	45.667401165124600	51.199506801587400
1005	2024-01-01 04:41:00	50.6361775995017	60.199245795969700	45.988357943888200
1005	2024-01-01 04:42:00	43.62146903270560	55.42826559319030	66.99494452671350
1002	2024-01-01 04:43:00	45.258544188765400	58.487665026064200	60.780033727074800
1005	2024-01-01 04:44:00	45.35493074497510	50.304955047536000	43.91116062189660
1007	2024-01-01 04:45:00	40.49669031803280	36.77900680055140	40.83182158259490
1001	2024-01-01 04:46:00	53.17805169201880	38.8531463874002	63.82641935664190
1004	2024-01-01 04:47:00	43.70483451950920	57.46259707466590	66.60042489483480
1000	2024-01-01 04:48:00	51.948528212018500	51.70831898413300	28.05751756454470
1000	2024-01-01 04:49:00	48.41325556289360	62.60207406078840	50.92857623971700
1004	2024-01-01 04:50:00	49.58378506707490	52.93262103246800	47.481216921032700
1002	2024-01-01 04:51:00	55.560566478288600	38.16985006667880	56.491201400599400
1003	2024-01-01 04:52:00	44.58100875611450	44.78098185816850	69.42668124161500
1002	2024-01-01 04:53:00	56.38891045936770	55.6481414968293	45.15942980672200
1000	2024-01-01 04:54:00	65.67307866638950	57.10332496238630	29.39301485336090
1000	2024-01-01 04:55:00	53.431090829517600	58.551086321546900	55.790077001492600
1004	2024-01-01 04:56:00	42.179043147275300	39.51475886794810	63.89964068604200
1005	2024-01-01 04:57:00	43.849819886602000	37.98969833923080	46.96240218480230
1002	2024-01-01 04:58:00	47.51737099214880	48.101974802525800	42.949625198603400
1008	2024-01-01 04:59:00	44.051097029304300	64.40073516533450	45.62740594622300
1004	2024-01-01 05:00:00	40.0881969038995	43.06131679191980	58.502053671312300
1007	2024-01-01 05:01:00	51.54407276961690	54.54971890600970	45.4553905871502
1000	2024-01-01 05:02:00	47.78802668274200	54.55061138938970	53.28760300342850
1004	2024-01-01 05:03:00	51.89720883558060	57.60772749670610	50.2780291573994
1002	2024-01-01 05:04:00	61.86387412215290	66.6444025394821	49.24620387577230
1000	2024-01-01 05:05:00	47.636471660756400	65.61906424766110	57.012923267522300
1003	2024-01-01 05:06:00	38.145799953196900	44.05394166160500	45.214201001358100
1004	2024-01-01 05:07:00	46.01107507746450	29.02104558691330	45.69413439817720
1006	2024-01-01 05:08:00	57.704252171166400	43.214706646352600	57.97602849999750
1000	2024-01-01 05:09:00	56.76770270716960	50.75672294047240	40.13074675831350
1002	2024-01-01 05:10:00	55.18639647613570	46.38354722314340	41.19779809177670
1001	2024-01-01 05:11:00	43.75293276837900	69.67898942928140	37.39685708656410
1008	2024-01-01 05:12:00	57.51902618032700	50.18780304316450	58.49010913276550
1009	2024-01-01 05:13:00	59.76899078037070	56.537118802561900	48.947630319187300
1005	2024-01-01 05:14:00	43.04578370110020	52.172143096473400	36.863848539209300
1009	2024-01-01 05:15:00	49.584299024574800	46.53366816509180	58.53808562309070
1002	2024-01-01 05:16:00	70.20401963682110	30.751883220373300	44.444578384245600
1007	2024-01-01 05:17:00	42.60125723536610	49.213823614585100	41.28321921163120
1007	2024-01-01 05:18:00	32.949133307562800	82.54647293154130	48.04321441123050
1001	2024-01-01 05:19:00	63.82904434464800	37.555416001621700	64.78723609467890
1005	2024-01-01 05:20:00	61.3660477170456	31.851269556257800	46.0503780350343
1006	2024-01-01 05:21:00	45.430326764225800	69.3638930256891	55.753388641155800
1001	2024-01-01 05:22:00	48.870082181319100	57.42082969869340	57.27080020450950
1009	2024-01-01 05:23:00	37.75064949811050	51.874198805234400	54.43273298006410
1001	2024-01-01 05:24:00	50.88952272609700	63.626738623670600	62.71071649674260
1009	2024-01-01 05:25:00	61.659137153714000	41.68498057043900	42.92883995367720
1000	2024-01-01 05:26:00	44.57395158241720	48.93405239085350	39.56665156949660
1007	2024-01-01 05:27:00	58.771019787862900	59.55154116900820	39.370333439750100
1000	2024-01-01 05:28:00	54.63723857390430	71.10354367820400	48.55531584700210
1008	2024-01-01 05:29:00	55.778168908811400	38.31455685343390	40.52953342159470
1005	2024-01-01 05:30:00	45.15690819413630	62.80734458560390	51.47540911865330
1006	2024-01-01 05:31:00	46.453758170665100	53.81839060840980	50.769884197248900
1009	2024-01-01 05:32:00	31.532275655286000	51.63061067429420	60.18573303186040
1006	2024-01-01 05:33:00	44.33330587489890	49.922707777452600	52.9114430823604
1009	2024-01-01 05:34:00	61.63485458031260	36.15353379305400	45.83848144138550
1002	2024-01-01 05:35:00	40.70667805897730	59.63088998213030	54.10849204432680
1001	2024-01-01 05:36:00	42.19698346143100	42.17730979673670	39.69805980102060
1008	2024-01-01 05:37:00	56.40189823707120	39.20309297497650	49.61859311975680
1007	2024-01-01 05:38:00	54.02768291993090	58.85458958900340	53.194012335955800
1009	2024-01-01 05:39:00	56.89863249796300	57.89134025146680	51.293175981501300
1006	2024-01-01 05:40:00	38.36779459909600	50.79000083611060	54.15065094935980
1008	2024-01-01 05:41:00	75.64057949300350	60.79543620811640	43.559539842872100
1003	2024-01-01 05:42:00	37.8424662583275	64.25936581479120	61.52031402809520
1003	2024-01-01 05:43:00	51.54247313734070	63.082240778255400	68.22168949395710
1000	2024-01-01 05:44:00	48.413445041314100	44.7172102659802	33.973238551414100
1007	2024-01-01 05:45:00	38.13358482634950	60.14104931279710	37.84402004045750
1002	2024-01-01 05:46:00	46.297905771867500	52.11640977508650	50.43083008024390
1006	2024-01-01 05:47:00	50.233076008858700	67.25907770352370	47.43449019447130
1001	2024-01-01 05:48:00	43.5002678813653	48.76271663732830	68.96412405772780
1001	2024-01-01 05:49:00	59.372236215348500	46.435283626316700	52.19784323424460
1006	2024-01-01 05:50:00	48.38374254537530	43.86203123157120	63.925452537259600
1005	2024-01-01 05:51:00	36.587253289817100	51.89287894235560	29.508761135464
1002	2024-01-01 05:52:00	35.73874467330700	54.667254675921000	58.14169483332350
1008	2024-01-01 05:53:00	56.061650906114600	54.85962282927270	42.84483180741680
1009	2024-01-01 05:54:00	35.132292172996600	53.491725403118600	42.68457430380340
1005	2024-01-01 05:55:00	53.16426073049080	56.71037012679810	47.516419735878800
1009	2024-01-01 05:56:00	54.44655185666960	47.77458164085600	35.754163602689100
1009	2024-01-01 05:57:00	40.04644636075980	41.27484684408130	54.427855253218500
1005	2024-01-01 05:58:00	58.9073808377489	40.40172003086350	51.90714966716800
1000	2024-01-01 05:59:00	32.82206376238370	59.750510953034700	52.66192248187270
1003	2024-01-01 06:00:00	52.96458933998560	54.7032231052829	58.87031022132910
1009	2024-01-01 06:01:00	49.591420664039900	31.44162229049680	65.14782046194150
1005	2024-01-01 06:02:00	48.81002024269110	60.967534267999400	46.36288950912450
1005	2024-01-01 06:03:00	38.22103357019430	68.80435146402660	54.773506397364700
1004	2024-01-01 06:04:00	40.629779956000700	42.84083149241470	52.929882083349800
1000	2024-01-01 06:05:00	66.18802025020600	53.36160046276040	53.7761450632894
1007	2024-01-01 06:06:00	62.15155008871750	45.265419063676400	53.92597664465980
1004	2024-01-01 06:07:00	57.42084588523800	56.28306925471170	65.90503344564840
1004	2024-01-01 06:08:00	59.398481035296900	38.33991110924780	45.403231315107100
1006	2024-01-01 06:09:00	58.460135446712700	49.28554342901220	34.74264096796320
1003	2024-01-01 06:10:00	46.76643787713790	59.81314127998780	43.02126231384110
1005	2024-01-01 06:11:00	50.47603551814350	62.3571173929884	57.57266933535410
1003	2024-01-01 06:12:00	35.27491621958990	54.26495818919690	50.23329508647180
1002	2024-01-01 06:13:00	49.103043731924700	46.60954696790260	45.32400659505000
1006	2024-01-01 06:14:00	61.834142495391900	34.07398915656390	39.23502731590360
1007	2024-01-01 06:15:00	43.392927517428600	42.42450288760720	52.212861217305300
1003	2024-01-01 06:16:00	60.231412046872300	45.3072659524522	56.44506275273810
1001	2024-01-01 06:17:00	50.91585738693760	43.02266216698390	53.05872055096030
1009	2024-01-01 06:18:00	36.146281343302700	50.59552968313620	47.46669668845050
1002	2024-01-01 06:19:00	38.926804866536900	46.58112263828720	51.46641284297460
1000	2024-01-01 06:20:00	59.19302869707760	51.72121372335440	51.408429665574200
1007	2024-01-01 06:21:00	55.52524085258390	62.026273010476600	51.89696931217660
1002	2024-01-01 06:22:00	51.017640729876300	45.935377787706400	38.1569504898088
1009	2024-01-01 06:23:00	47.25968185752060	36.17133022745780	51.973263506148800
1006	2024-01-01 06:24:00	52.105679776285900	42.98292401875130	45.594035315338100
1009	2024-01-01 06:25:00	58.80296249253250	55.835884699732700	60.40618606009760
1004	2024-01-01 06:26:00	64.75853280487280	56.77943784952670	51.32918641750270
1009	2024-01-01 06:27:00	65.23684199440610	54.06085197016230	58.35479221822890
1004	2024-01-01 06:28:00	53.71959900758500	63.00737305888020	46.98218612950250
1006	2024-01-01 06:29:00	48.28068309635480	48.13636930123020	47.34286162388540
1008	2024-01-01 06:30:00	51.462480078188600	70.52166148009320	64.94251246256330
1004	2024-01-01 06:31:00	55.2212035725508	58.181871361059100	54.36335188415510
1000	2024-01-01 06:32:00	55.18066943845090	24.765125297921200	42.85485467594260
1009	2024-01-01 06:33:00	63.07986637140110	68.00658629963570	58.969744386204700
1009	2024-01-01 06:34:00	71.15755721916660	42.330133898642800	44.66695266572130
1000	2024-01-01 06:35:00	47.94745370385910	39.658988105430700	52.25698137811520
1001	2024-01-01 06:36:00	71.55884908824460	55.23771109832890	68.36674630859410
1005	2024-01-01 06:37:00	61.72239246758390	32.618195276634600	35.68717612361950
1008	2024-01-01 06:38:00	48.991770098147900	43.045307686783900	48.242180782334600
1007	2024-01-01 06:39:00	64.9856483886508	65.57098540624210	54.08271640902030
1004	2024-01-01 06:40:00	66.85648301419170	55.56217578997500	57.64698334664670
1000	2024-01-01 06:41:00	45.397045558061500	58.1223978093922	37.58766092639130
1006	2024-01-01 06:42:00	67.32215252485650	43.43089399502530	34.642097314249800
1004	2024-01-01 06:43:00	60.75082821035960	34.616300010319000	60.907493519904300
1005	2024-01-01 06:44:00	73.68559127979190	57.06817429313730	42.79585143196160
1006	2024-01-01 06:45:00	45.75961418000500	59.302561562419500	42.377174920026800
1002	2024-01-01 06:46:00	46.46573256264000	58.8499338608111	65.50249672772170
1009	2024-01-01 06:47:00	29.7333787025666	52.090692301178700	50.69702314731820
1002	2024-01-01 06:48:00	55.71193920567960	40.3293175652793	50.76238227681570
1004	2024-01-01 06:49:00	53.752512556187200	74.3776958805973	48.20200554848470
1005	2024-01-01 06:50:00	44.37006328464330	54.797874429841800	37.7601793325683
1008	2024-01-01 06:51:00	49.18149268511940	48.26113358410830	56.75696949394390
1004	2024-01-01 06:52:00	36.88778989824890	48.30550762516630	54.094505219256200
1000	2024-01-01 06:53:00	61.98444952831690	51.49597478073550	51.68691325339430
1003	2024-01-01 06:54:00	45.1030052547169	60.696082621579800	48.83676960723740
1004	2024-01-01 06:55:00	80.9404901562095	51.89628123305450	47.07680350661710
1009	2024-01-01 06:56:00	48.243986992889700	58.58513153447500	59.12483389547420
1009	2024-01-01 06:57:00	42.4038115895169	51.51397687893210	48.58706936793910
1004	2024-01-01 06:58:00	45.87686881265140	48.87646108529620	49.35938961466110
1006	2024-01-01 06:59:00	35.88039023455750	56.41250393328390	55.298931548837700
1003	2024-01-01 07:00:00	54.822718907029400	56.03286033673800	52.07960930680390
1000	2024-01-01 07:01:00	45.80100300220880	48.30365880904850	66.42276057540440
1004	2024-01-01 07:02:00	61.31252790397740	42.507930422857400	32.386332225267000
1006	2024-01-01 07:03:00	47.252525048255800	53.41728914740440	52.99907438367260
1009	2024-01-01 07:04:00	63.844421116856500	50.78348668962590	42.94394219527830
1009	2024-01-01 07:05:00	57.57455749317040	44.451282872292400	40.579134652450700
1005	2024-01-01 07:06:00	50.28596776718340	41.575995174632000	45.429357939556500
1004	2024-01-01 07:07:00	65.80232587350820	54.104758438944600	50.54679408481760
1003	2024-01-01 07:08:00	59.5229346103721	55.50095057027690	50.9906907592341
1001	2024-01-01 07:09:00	79.46212826663230	46.39967885345140	34.82693784321510
1003	2024-01-01 07:10:00	45.90544755021800	44.200629640870700	44.589161703221800
1009	2024-01-01 07:11:00	50.76616105458460	41.6974481096281	52.81221551476460
1009	2024-01-01 07:12:00	65.6870901101093	53.822549391449200	41.230695492163500
1002	2024-01-01 07:13:00	34.564621881648900	41.96022926359260	38.85216095283490
1009	2024-01-01 07:14:00	63.16943563232560	72.4113456902073	27.438676925070600
1000	2024-01-01 07:15:00	54.39302757681470	45.89718564029000	43.36806551624640
1007	2024-01-01 07:16:00	41.117892445527500	25.74785722127400	38.50370801049190
1004	2024-01-01 07:17:00	36.369603414488800	49.69828333370870	40.16067116889940
1003	2024-01-01 07:18:00	43.27510526869720	49.269665201812000	47.28179696720350
1007	2024-01-01 07:19:00	27.15180427674430	61.117185675241900	44.00171123457100
1006	2024-01-01 07:20:00	45.10460556308500	52.881262367277000	38.337621061406900
1001	2024-01-01 07:21:00	56.22556333342580	41.661648165602000	28.84158434766770
1000	2024-01-01 07:22:00	45.23699359031170	47.13608126503220	53.02311305147640
1003	2024-01-01 07:23:00	63.88312701433810	53.274197716509900	57.52827213808470
1007	2024-01-01 07:24:00	66.59947602725290	28.352857496895900	46.032550210056300
1001	2024-01-01 07:25:00	62.75644482625770	63.386217343904500	47.34224303545720
1002	2024-01-01 07:26:00	52.30640910264370	41.68830114195340	50.02810515686120
1000	2024-01-01 07:27:00	26.75320727513530	64.17043820947620	65.78783576612250
1000	2024-01-01 07:28:00	42.96302507967390	53.924651411265900	34.32292206174230
1002	2024-01-01 07:29:00	48.57961473225610	56.29594136393980	45.85510274127430
1004	2024-01-01 07:30:00	41.06132350495190	61.494234360012700	32.78027035867280
1002	2024-01-01 07:31:00	48.60494524513430	55.73132052692500	53.62318458735560
1000	2024-01-01 07:32:00	66.1006746869338	56.72886216317450	48.560416062119900
1000	2024-01-01 07:33:00	33.54223470484680	48.35583559538620	52.02992112936080
1007	2024-01-01 07:34:00	68.11692056119030	53.721686814721000	51.531225625910800
1009	2024-01-01 07:35:00	58.84726421754140	44.12502185028260	59.90708253703520
1001	2024-01-01 07:36:00	52.682168082777000	46.56588900412030	55.38132964568470
1002	2024-01-01 07:37:00	42.86383444259240	69.64695047968910	58.305079576600900
1001	2024-01-01 07:38:00	41.26049654508570	41.918064149495800	39.34465310103060
1002	2024-01-01 07:39:00	33.7378228541126	51.543171266362800	61.93170864975140
1006	2024-01-01 07:40:00	67.16765480314390	51.13469036715480	42.776372605110000
1000	2024-01-01 07:41:00	65.37611560074040	46.89245528219200	43.351304573760200
1009	2024-01-01 07:42:00	35.93715371416720	55.14400936570440	52.708425773529900
1007	2024-01-01 07:43:00	44.473720050938000	55.89722092741380	53.019182630492800
1009	2024-01-01 07:44:00	54.33144769231910	40.74180816852420	39.28143197767520
1009	2024-01-01 07:45:00	47.00490861827790	51.01356711546550	48.26720708226100
1009	2024-01-01 07:46:00	30.813252429681800	39.176326612276400	64.88235316869480
1001	2024-01-01 07:47:00	43.42227239444310	57.88548618317300	35.316634384659100
1002	2024-01-01 07:48:00	69.51034298020020	51.76487310362630	64.85219241012730
1008	2024-01-01 07:49:00	44.10021409585560	50.82329886717090	47.583015485835100
1006	2024-01-01 07:50:00	48.36532663297790	56.59031348872400	26.62245166564850
1003	2024-01-01 07:51:00	38.54822575964620	47.24489709531600	36.332682665170900
1009	2024-01-01 07:52:00	55.87762985283750	59.14021959218210	40.365224622648100
1004	2024-01-01 07:53:00	51.151517990245800	40.51555127243860	43.76070699217260
1001	2024-01-01 07:54:00	42.57980258443020	64.11876518894530	48.95286741374660
1007	2024-01-01 07:55:00	36.95344604192580	44.49088817445150	22.965198702384300
1003	2024-01-01 07:56:00	64.04543374010880	33.03820932304410	51.868043924776500
1008	2024-01-01 07:57:00	33.944565933589200	46.71465091537270	39.44909491675120
1004	2024-01-01 07:58:00	55.03815695589560	45.580318027457900	63.905225716010600
1008	2024-01-01 07:59:00	28.461207552884300	46.63926013849960	47.298232792560300
1003	2024-01-01 08:00:00	57.072116830123800	52.31648015483980	59.428461717327300
1009	2024-01-01 08:01:00	59.702988872600600	60.97842360888270	61.103489799142900
1004	2024-01-01 08:02:00	60.947837116399100	48.08294086102860	60.83273243466220
1008	2024-01-01 08:03:00	48.38791531430130	43.08382430181100	44.33593257037510
1007	2024-01-01 08:04:00	65.84003605563700	38.73453187716200	44.207998422786800
1002	2024-01-01 08:05:00	73.07791694996070	45.318172086909600	47.75026700711690
1000	2024-01-01 08:06:00	46.78376863954040	31.121751607496500	56.36237375378930
1002	2024-01-01 08:07:00	45.48994969870070	42.74866906483640	44.89304730245840
1003	2024-01-01 08:08:00	51.491772603449400	62.440538958621900	48.80737526409750
1001	2024-01-01 08:09:00	45.223198541057900	41.76640795421580	52.7359381633945
1000	2024-01-01 08:10:00	43.76129803989880	56.287158608003100	40.95108073952130
1006	2024-01-01 08:11:00	44.632614597584900	37.7351791019151	40.318917116708800
1007	2024-01-01 08:12:00	67.15756008006250	67.71095899310560	48.4173611859601
1006	2024-01-01 08:13:00	57.718819950354300	68.3760673306471	49.74178814951640
1004	2024-01-01 08:14:00	45.19053872741910	55.91021556559880	54.33885480001640
1000	2024-01-01 08:15:00	25.448749742777100	69.91252601643520	56.71886574951560
1006	2024-01-01 08:16:00	34.55535506393530	53.557929749276600	39.00937179428350
1006	2024-01-01 08:17:00	55.034290826018800	57.68517114149560	41.87915068056440
1008	2024-01-01 08:18:00	28.784440586111800	62.61933876731540	40.29247712436900
1002	2024-01-01 08:19:00	52.92993527451960	51.797184530984500	64.12447401591420
1008	2024-01-01 08:20:00	39.34436275134970	34.47622538414940	48.79729409797460
1000	2024-01-01 08:21:00	50.918057745806700	57.88963355234400	50.16129295245020
1000	2024-01-01 08:22:00	50.638563013341400	45.28140405566540	50.577743640135100
1003	2024-01-01 08:23:00	51.20589933890710	46.0247017904454	42.843299862823600
1008	2024-01-01 08:24:00	46.05578152921480	52.9789491647869	65.64269518946030
1005	2024-01-01 08:25:00	45.727143743922700	55.6628087971737	54.11026654818730
1002	2024-01-01 08:26:00	42.792095810635600	51.50134634006220	50.39590529777950
1000	2024-01-01 08:27:00	54.8389231724189	56.35729536157310	38.94743578849430
1003	2024-01-01 08:28:00	58.05192674780950	42.93142865939800	38.38067508343760
1008	2024-01-01 08:29:00	37.810274774638700	49.57296205276720	46.91092468394230
1002	2024-01-01 08:30:00	49.48371527707730	58.490854504508700	43.0000820642817
1008	2024-01-01 08:31:00	51.96582073487740	67.72791176436720	39.32555654453450
1006	2024-01-01 08:32:00	51.83771134623040	71.26435588973210	46.29041980428450
1003	2024-01-01 08:33:00	51.66769619596520	54.32976682727730	47.835719717241100
1002	2024-01-01 08:34:00	45.97965189654780	58.40009826745610	51.4178542046027
1009	2024-01-01 08:35:00	52.79030425462540	69.81579164815190	44.96080528625740
1004	2024-01-01 08:36:00	56.1802871098362	43.29163963266510	39.92399305339970
1004	2024-01-01 08:37:00	51.41036655822560	56.29699852712580	40.27079114008750
1002	2024-01-01 08:38:00	55.05939836533720	57.683429494861500	62.129727292261900
1008	2024-01-01 08:39:00	59.90353411037510	64.47861436076740	37.48242313638260
1003	2024-01-01 08:40:00	31.49059642104730	38.628586194637800	53.6318229829127
1004	2024-01-01 08:41:00	59.43463841865370	40.60594216199480	55.195463297744000
1003	2024-01-01 08:42:00	53.424277652212700	50.21382211104710	48.78724524164330
1004	2024-01-01 08:43:00	38.883746722612700	53.77727662321640	67.67829058405180
1006	2024-01-01 08:44:00	58.02470882319690	61.228639537338100	55.01718993027700
1008	2024-01-01 08:45:00	46.016790939760400	55.17543775812270	68.4290304830465
1006	2024-01-01 08:46:00	47.38033563681450	48.48586769889720	43.489359980851300
1004	2024-01-01 08:47:00	44.92320217534340	54.164614447561400	43.66054590106580
1009	2024-01-01 08:48:00	53.02398844238230	53.01044476274450	55.27537158680020
1009	2024-01-01 08:49:00	42.14646857487950	67.45016429987790	47.38534362680800
1006	2024-01-01 08:50:00	59.01474629947790	51.656589435685300	66.85665424892020
1009	2024-01-01 08:51:00	48.611374128053300	46.169165864474400	53.41700383630940
1004	2024-01-01 08:52:00	46.35797516512060	54.49609030071830	39.55425780143280
1002	2024-01-01 08:53:00	57.5287567761397	51.98485319338530	32.631835914559700
1006	2024-01-01 08:54:00	46.804432376809200	34.29006644325330	49.21761407656740
1001	2024-01-01 08:55:00	59.48176825362300	49.84347938377830	49.10876870466770
1008	2024-01-01 08:56:00	59.795929508408700	48.99261754594000	53.13765923308390
1009	2024-01-01 08:57:00	36.65196161781020	44.56128134220680	62.10690573755900
1009	2024-01-01 08:58:00	61.09260202222920	60.35583287622970	60.791133039939300
1000	2024-01-01 08:59:00	35.37964028498110	42.14320403388000	44.21098967663570
1005	2024-01-01 09:00:00	61.71580526882510	54.55618619524540	37.061805981955800
1006	2024-01-01 09:01:00	70.28357192230240	48.52143000156270	37.6587886499093
1007	2024-01-01 09:02:00	58.748344382691300	51.07695005646780	42.631982946786200
1009	2024-01-01 09:03:00	28.43019355300330	54.11786291045870	46.332684519609800
1008	2024-01-01 09:04:00	60.63565719386020	36.924256161090000	53.05062138965170
1001	2024-01-01 09:05:00	72.46128965936010	51.91660891734780	41.9903240310402
1009	2024-01-01 09:06:00	46.969683590019700	72.88947489713210	52.80391971113310
1001	2024-01-01 09:07:00	49.6529667997011	34.43236654121280	53.62040145859050
1004	2024-01-01 09:08:00	38.11513278073570	49.42392036284500	51.433438825958900
1004	2024-01-01 09:09:00	53.12079418819670	61.232393248238200	38.71377002987310
1005	2024-01-01 09:10:00	62.69177182543130	53.016192479536000	54.67826725235960
1002	2024-01-01 09:11:00	56.97737128149450	56.87966952116030	70.81269628766720
1007	2024-01-01 09:12:00	81.419669772878	26.24333988907380	52.458968269129000
1000	2024-01-01 09:13:00	50.33027042965800	55.982493746299500	20.469248993487300
1005	2024-01-01 09:14:00	33.69326632584740	42.38311793766400	62.40879572046900
1003	2024-01-01 09:15:00	51.709709715682200	53.09877284583150	42.97252223300610
1000	2024-01-01 09:16:00	25.835482347875100	49.70565269090510	72.65712690495690
1006	2024-01-01 09:17:00	44.66896075135490	72.78333029161630	51.1636345136596
1008	2024-01-01 09:18:00	66.24382058600210	55.46695323765880	33.152993060141700
1003	2024-01-01 09:19:00	53.25133648631770	48.87376170737210	29.353025100412500
1003	2024-01-01 09:20:00	51.79416812831270	34.90307240746450	65.39740762675880
1005	2024-01-01 09:21:00	68.20780376715360	51.21146901849900	61.059049859172700
1002	2024-01-01 09:22:00	47.2940010833663	58.23228878346820	72.2601888576669
1005	2024-01-01 09:23:00	62.61820412934110	49.194481081807800	50.109244855735600
1006	2024-01-01 09:24:00	51.2930697516634	44.943436400625600	49.4347011662032
1009	2024-01-01 09:25:00	53.80047463459030	44.27413336153680	46.172812078414400
1009	2024-01-01 09:26:00	37.82695144136990	55.35141435455320	43.417097587407800
1002	2024-01-01 09:27:00	45.17953205171780	57.59387939309160	46.07570445542180
1006	2024-01-01 09:28:00	36.024817671561300	63.612101153211200	52.17463332324030
1002	2024-01-01 09:29:00	49.04754921774660	40.05000106789640	41.56099213087900
1001	2024-01-01 09:30:00	53.90402343916270	55.25977558417620	33.30710653126020
1009	2024-01-01 09:31:00	38.89961894908550	48.78296045582130	51.59876634014180
1003	2024-01-01 09:32:00	70.49178922684820	49.07765795366720	41.338044013065700
1007	2024-01-01 09:33:00	52.78106019091960	54.018258540340000	17.60562275059930
1008	2024-01-01 09:34:00	50.577955855852200	54.076562536249500	55.525673906570100
1006	2024-01-01 09:35:00	57.696577513456300	55.287681057915700	38.91940961882970
1000	2024-01-01 09:36:00	41.71071919134080	39.4252880780419	56.61789454690740
1002	2024-01-01 09:37:00	51.63477479167450	42.50188592833540	56.37848106515980
1008	2024-01-01 09:38:00	42.83133779642410	64.85868275517680	52.83590011522830
1000	2024-01-01 09:39:00	65.58679910088980	47.7942753251916	74.96817840356500
1008	2024-01-01 09:40:00	39.41360650602920	53.060143980179000	48.61948150027620
1007	2024-01-01 09:41:00	50.63165459307170	60.54666312043190	47.14360432501410
1000	2024-01-01 09:42:00	53.293157851517800	54.63443072360820	56.83672421416920
1005	2024-01-01 09:43:00	53.948257444077000	55.46522630972040	49.44552637886210
1004	2024-01-01 09:44:00	44.187648269171700	58.94577679243760	61.604935373940100
1005	2024-01-01 09:45:00	41.044905978549000	28.83336239103	37.31194092424480
1009	2024-01-01 09:46:00	44.33204826953900	45.10049844839470	37.4782555253566
1004	2024-01-01 09:47:00	55.28325434210280	54.68605796499590	57.658094913262200
1005	2024-01-01 09:48:00	48.56154229088040	63.87644307057660	38.35189060661400
1004	2024-01-01 09:49:00	57.96208808452520	50.66095559655770	56.09098606442710
1004	2024-01-01 09:50:00	54.770037193950700	41.55283538243900	53.70002846210370
1003	2024-01-01 09:51:00	27.230873019003900	41.819139503895000	43.055117139723400
1002	2024-01-01 09:52:00	52.47497796837210	58.83861203453070	53.67170160233430
1002	2024-01-01 09:53:00	72.50454767816270	47.822264176081100	37.65407554215760
1003	2024-01-01 09:54:00	63.25269051038330	49.927999542096600	40.00100073736300
1008	2024-01-01 09:55:00	54.22013160706970	56.15030193772320	47.62812261587930
1001	2024-01-01 09:56:00	39.406078695300600	20.98476317306420	50.78927819072220
1008	2024-01-01 09:57:00	54.77553716125650	70.00367511508080	46.96361463012140
1000	2024-01-01 09:58:00	57.39749939878260	42.68926164948940	54.33115963873110
1000	2024-01-01 09:59:00	47.46253319172420	52.419363694735700	53.88466415048290
1004	2024-01-01 10:00:00	53.16742058804440	32.95302986503730	65.29366808348150
1005	2024-01-01 10:01:00	65.0966245839604	45.77458889594960	49.04714652855000
1005	2024-01-01 10:02:00	41.42725580258270	62.44688046365100	61.94563431184130
1002	2024-01-01 10:03:00	39.41700395040870	30.838328203341200	59.20725512893890
1006	2024-01-01 10:04:00	56.92699325994210	61.26200087189140	72.93977283293150
1008	2024-01-01 10:05:00	54.5754263619808	47.26303903767620	48.72741980097730
1009	2024-01-01 10:06:00	60.28838295412810	54.871644402201900	45.79641278547010
1007	2024-01-01 10:07:00	55.697938119037700	56.575244134851100	62.57694222243730
1005	2024-01-01 10:08:00	44.32244936825810	54.41421499490930	53.85432571741260
1007	2024-01-01 10:09:00	54.32192651465410	41.350493483691700	62.81659216783900
1004	2024-01-01 10:10:00	38.57873456703830	46.35450853464980	57.167987979895
1007	2024-01-01 10:11:00	47.49681288267010	35.38443822749180	28.932379086005000
1009	2024-01-01 10:12:00	55.02799230966400	54.9179633158808	53.763217770311800
1003	2024-01-01 10:13:00	46.394857832761100	67.02055154015930	53.112158979514900
1009	2024-01-01 10:14:00	74.68052182229830	31.755591133235400	51.33106902463960
1007	2024-01-01 10:15:00	31.07815751176330	42.383540938619600	48.67756945876620
1009	2024-01-01 10:16:00	44.52509643001190	48.182247241170700	34.078564722056700
1001	2024-01-01 10:17:00	40.62220166130090	51.73341423713550	58.74176917238320
1004	2024-01-01 10:18:00	42.996511925420500	58.79176301434430	53.73768428093490
1008	2024-01-01 10:19:00	43.57001776519120	48.47800019642330	61.01956697397420
1003	2024-01-01 10:20:00	36.73579313141010	46.840412735543500	34.612444757247500
1005	2024-01-01 10:21:00	57.52702148572630	61.03130706069740	55.07134489545270
1000	2024-01-01 10:22:00	44.529047026129000	56.619955670633100	47.65340662453440
1008	2024-01-01 10:23:00	51.63573335588660	55.389779757011000	51.437880099255300
1000	2024-01-01 10:24:00	45.65174238089760	51.125157115881100	47.76840365819110
1004	2024-01-01 10:25:00	43.091195877137900	59.83152210919860	55.4360792748013
1003	2024-01-01 10:26:00	66.7227923608685	43.43690608769730	48.3712687900842
1002	2024-01-01 10:27:00	59.22932182209410	42.073057178139200	39.48085074944310
1005	2024-01-01 10:28:00	31.317996000448600	57.46100986869320	50.86425418786190
1001	2024-01-01 10:29:00	30.258625516641100	33.74964030753090	47.85825462864500
1002	2024-01-01 10:30:00	60.42608835636490	50.921795096364900	49.16606378871120
1004	2024-01-01 10:31:00	44.80146608451250	46.83441647737490	18.12188523959860
1008	2024-01-01 10:32:00	33.50917666065780	35.94245269347040	56.826360835687100
1001	2024-01-01 10:33:00	60.45735132540340	40.68732420283740	46.85336382653220
1009	2024-01-01 10:34:00	51.6912405009909	48.910239077046500	36.51846425981730
1007	2024-01-01 10:35:00	52.515710848323200	60.339632564990200	59.22563516848140
1001	2024-01-01 10:36:00	58.095392720059100	43.470420087421900	56.363657277529300
1004	2024-01-01 10:37:00	36.900228417176100	62.133813999049900	46.726798037251400
1006	2024-01-01 10:38:00	33.68499178615840	50.63179227556520	38.478306204799800
1007	2024-01-01 10:39:00	65.80954294903200	63.10384702169970	51.78030734679370
1000	2024-01-01 10:40:00	35.62833239257710	43.95508391219950	51.231060845876100
1005	2024-01-01 10:41:00	37.777622029244400	49.51190411894630	59.24334282991780
1000	2024-01-01 10:42:00	39.77564620454230	53.684836033370000	45.5626448513951
1001	2024-01-01 10:43:00	70.79945923690520	48.20489537258490	61.94922134865000
1000	2024-01-01 10:44:00	54.93383300411520	59.53024147145240	44.59746996664230
1004	2024-01-01 10:45:00	59.6540797443538	27.92436274709730	36.54168215457580
1009	2024-01-01 10:46:00	51.96167545578730	74.2240553878994	38.677172445227200
1008	2024-01-01 10:47:00	43.98112788798770	58.57774606995160	49.375884608643800
1005	2024-01-01 10:48:00	56.312912832601700	48.264681709649800	49.344854909412700
1000	2024-01-01 10:49:00	34.43384029203200	44.476783264226600	53.27861140750780
1000	2024-01-01 10:50:00	39.04716547903510	41.335793885514500	49.096259688815600
1001	2024-01-01 10:51:00	57.329751792614800	56.45615474169740	59.773185160643300
1008	2024-01-01 10:52:00	36.4274476917322	59.94981668792350	47.38905901537420
1002	2024-01-01 10:53:00	48.109185308381300	48.374738718701	30.03723735128580
1000	2024-01-01 10:54:00	48.56487655644590	61.06990412978500	48.789033115342100
1004	2024-01-01 10:55:00	44.71337996662840	40.927399532388800	29.932213122335200
1006	2024-01-01 10:56:00	30.48881525151140	39.16189150013160	52.713909809977000
1005	2024-01-01 10:57:00	43.71071108811310	68.1334120524555	60.57192998984920
1000	2024-01-01 10:58:00	41.750316230675100	55.91108613538540	40.13775513717480
1004	2024-01-01 10:59:00	51.614398632877000	63.96848201813330	64.18556686391850
1004	2024-01-01 11:00:00	51.10490538699470	41.46060291612310	58.42831244728430
1005	2024-01-01 11:01:00	53.77961459936870	40.7647460823127	62.06480155415060
1002	2024-01-01 11:02:00	43.24013727025600	46.41390680542460	51.895638564346300
1004	2024-01-01 11:03:00	55.22777950465890	41.75941158460990	40.072348242481800
1006	2024-01-01 11:04:00	34.43993267226320	57.05365210228450	57.80815427814140
1004	2024-01-01 11:05:00	31.78095267347650	42.48873943073550	43.7539909323166
1004	2024-01-01 11:06:00	26.64427275833370	38.283301419327100	51.17884506103360
1004	2024-01-01 11:07:00	45.007027604280000	51.420154122552300	48.28649007196380
1009	2024-01-01 11:08:00	42.467017756614400	37.10013824174790	61.24695856796900
1009	2024-01-01 11:09:00	57.893156118546	32.0053606852461	57.30327005923330
1002	2024-01-01 11:10:00	43.5133741295113	51.33257233861280	49.19434201687630
1000	2024-01-01 11:11:00	52.73376347944270	32.5077995698979	30.483928064598500
1004	2024-01-01 11:12:00	58.132965765830800	57.75279396295420	43.647725334708000
1008	2024-01-01 11:13:00	43.13680924350880	36.04666273747200	57.04222289484420
1000	2024-01-01 11:14:00	52.980522101071800	27.593262135802500	52.80110261046590
1002	2024-01-01 11:15:00	60.019275489551900	47.06203349859210	34.96778065587140
1003	2024-01-01 11:16:00	37.61837225194430	51.44594503296480	31.93412027531110
1000	2024-01-01 11:17:00	50.24852338244640	54.914750636819400	51.955091501574600
1000	2024-01-01 11:18:00	43.17965616800690	51.720156990158500	39.42942832284220
1007	2024-01-01 11:19:00	38.25510117506860	39.40687378882260	40.39203539162420
1001	2024-01-01 11:20:00	34.63548259509770	57.13061180926600	56.72607728782650
1007	2024-01-01 11:21:00	38.09351427821300	59.60138506479750	62.022387804156700
1006	2024-01-01 11:22:00	50.60029005752010	37.94237871544460	42.492979729637000
1009	2024-01-01 11:23:00	33.89155544438250	48.18993861340390	49.55239692387830
1009	2024-01-01 11:24:00	44.49272975911360	47.2555997289098	49.25753334015640
1001	2024-01-01 11:25:00	58.13194406852900	52.20381582788030	48.35795895303480
1005	2024-01-01 11:26:00	54.49010963418940	47.95076208225890	50.40598476156300
1005	2024-01-01 11:27:00	44.69492377061840	49.32122227927020	57.56498927840160
1002	2024-01-01 11:28:00	66.89690413358720	56.418155302416900	43.26075653270400
1001	2024-01-01 11:29:00	68.9303641391166	38.86146900398870	34.747224654839300
1000	2024-01-01 11:30:00	50.26122431539730	57.37373135260820	66.90009933603760
1005	2024-01-01 11:31:00	25.314570841156900	61.411327315312500	60.894219244900500
1004	2024-01-01 11:32:00	58.8644819701626	66.34134993488870	38.96362128750600
1008	2024-01-01 11:33:00	27.060236599664100	28.56632675862640	51.356320087759500
1000	2024-01-01 11:34:00	64.76146110720070	48.17098342884780	60.1070216458611
1006	2024-01-01 11:35:00	60.835849007423000	30.34899425646410	57.49043944526040
1004	2024-01-01 11:36:00	67.7421250413802	25.649363102271800	54.62013309929290
1004	2024-01-01 11:37:00	52.60265558367730	51.44093047607480	48.297731084082600
1001	2024-01-01 11:38:00	46.38614232818160	46.00848207149640	67.27303925061960
1002	2024-01-01 11:39:00	45.49898866309780	52.99850951770750	52.2085887245946
1006	2024-01-01 11:40:00	44.537398289691000	54.86127690087320	44.850407406793100
1005	2024-01-01 11:41:00	59.81068653674700	62.47895958107920	58.71075728845600
1001	2024-01-01 11:42:00	57.12271489505880	50.5392042530578	50.96058641951420
1005	2024-01-01 11:43:00	51.20225633434210	79.23355617319090	53.497977272536200
1001	2024-01-01 11:44:00	42.77818692073030	53.064098549852100	52.03149201591210
1001	2024-01-01 11:45:00	76.29212631300270	68.42479044567210	54.967755737669100
1001	2024-01-01 11:46:00	59.1237461396287	26.671621994757500	40.21543746600790
1002	2024-01-01 11:47:00	34.02288080226590	63.49739529550630	35.48893612829990
1001	2024-01-01 11:48:00	44.83743984062870	48.192395102044400	64.34132723233580
1003	2024-01-01 11:49:00	59.31776097408710	30.516527405727300	52.49584561789170
1008	2024-01-01 11:50:00	42.00461078767320	54.205451092281200	57.70847277408580
1005	2024-01-01 11:51:00	53.51547958825890	46.970444620156800	32.402407798223700
1000	2024-01-01 11:52:00	59.50796300336150	55.80053248448140	60.66683108714500
1007	2024-01-01 11:53:00	16.11571917343610	60.110764575510800	44.78514354644230
1006	2024-01-01 11:54:00	48.9196230021075	35.10849883238400	41.937818331909600
1009	2024-01-01 11:55:00	49.31209153565120	60.14918982455160	49.36626832368010
1002	2024-01-01 11:56:00	45.8792754431621	50.064794842207200	40.22019789457480
1000	2024-01-01 11:57:00	53.016951349460400	63.528411746932700	49.98268301774390
1004	2024-01-01 11:58:00	56.57519607495880	47.948517710021300	48.63661652985510
1003	2024-01-01 11:59:00	51.42050944324610	45.29591107468580	60.60395905233880
1009	2024-01-01 12:00:00	46.261726059505700	50.270540406889500	65.13344502139470
1007	2024-01-01 12:01:00	56.326212997842700	51.018607063798500	64.81515792841580
1000	2024-01-01 12:02:00	50.49053409274360	43.372151985082600	27.354850206038800
1009	2024-01-01 12:03:00	47.692995868045200	45.036952690447200	40.648331701567100
1000	2024-01-01 12:04:00	36.87720614661080	37.73124465486210	27.251132361776400
1003	2024-01-01 12:05:00	34.373452147339200	45.653549102098100	38.064577255649700
1007	2024-01-01 12:06:00	36.687702072859300	56.763100599975800	43.50481789096170
1004	2024-01-01 12:07:00	52.78329061220220	48.62645826093860	54.105616152269400
1001	2024-01-01 12:08:00	49.209212523936500	60.090652960473300	44.8006676550746
1005	2024-01-01 12:09:00	35.19715901792540	48.145705323469300	45.07929929051350
1004	2024-01-01 12:10:00	56.45917825793810	35.68482002276690	51.817646831997600
1001	2024-01-01 12:11:00	63.74309513179100	55.97274887556580	32.90690354792190
1002	2024-01-01 12:12:00	44.015063832836600	43.26376858966600	41.61406847036140
1008	2024-01-01 12:13:00	32.59018142631630	47.666327112364700	44.96443374182630
1006	2024-01-01 12:14:00	42.90873615098090	62.375720474841200	47.97598011368660
1006	2024-01-01 12:15:00	58.54460626794690	38.39129540278490	50.76953990225550
1005	2024-01-01 12:16:00	55.48529858534770	51.64743787464390	65.00649789733040
1007	2024-01-01 12:17:00	40.775673139885200	49.59481649964210	59.08336161081100
1003	2024-01-01 12:18:00	65.21172137764740	57.00925715437100	42.30689975508070
1007	2024-01-01 12:19:00	63.48280065926400	58.551533654820200	47.38670940548530
1003	2024-01-01 12:20:00	42.66993936723360	52.63839004248890	46.70560862907880
1007	2024-01-01 12:21:00	42.567099970350300	46.396253534196	44.85847483479260
1008	2024-01-01 12:22:00	44.071720626205100	54.7337250402596	52.7251582582091
1002	2024-01-01 12:23:00	44.92667224611450	63.35655897144560	31.40220447029090
1002	2024-01-01 12:24:00	59.505380079284400	49.72710060360300	58.80714388006480
1001	2024-01-01 12:25:00	54.25329060476590	47.327438855769700	66.93550790715360
1009	2024-01-01 12:26:00	58.77078769350590	53.8817025766799	47.301594593281800
1002	2024-01-01 12:27:00	56.735651431867	50.38727020369610	47.10635574882170
1002	2024-01-01 12:28:00	67.14527068193730	36.62290576082200	51.57044247208670
1004	2024-01-01 12:29:00	39.4061445619086	52.393308003974800	60.1938597696021
1004	2024-01-01 12:30:00	53.803585303839200	36.53237591236240	46.757062831827600
1001	2024-01-01 12:31:00	28.261787437653000	53.744806464084500	59.339451661017400
1009	2024-01-01 12:32:00	36.83044425903140	42.02857275593430	54.884946724532400
1005	2024-01-01 12:33:00	49.25146614065150	50.36874804186350	73.6161144400469
1004	2024-01-01 12:34:00	54.18206612754540	53.90593906199240	46.71337984837700
1005	2024-01-01 12:35:00	48.981842579704300	74.53903345943570	30.239995522791700
1000	2024-01-01 12:36:00	44.32807581187320	57.427499617869200	35.67060879314490
1004	2024-01-01 12:37:00	46.105821225069600	63.64798809742340	50.11928237400160
1008	2024-01-01 12:38:00	63.694409764241000	68.71747818693930	60.27882094020750
1009	2024-01-01 12:39:00	46.1596782211986	54.89255916999440	43.47490859579280
1001	2024-01-01 12:40:00	67.49241622043530	52.85689800267200	47.6906755012467
1000	2024-01-01 12:41:00	57.940170735411300	39.33278891173780	56.84842737331580
1009	2024-01-01 12:42:00	54.5753734614823	48.833700675996100	40.34767399121540
1008	2024-01-01 12:43:00	38.064030896790000	42.76912270364140	43.88730600805180
1009	2024-01-01 12:44:00	59.35238161399630	45.98941149875610	38.32273312389740
1008	2024-01-01 12:45:00	45.06229422251500	68.70663376192470	61.78228092882560
1008	2024-01-01 12:46:00	38.055602419943	51.1462150919999	65.41672811796370
1005	2024-01-01 12:47:00	55.12843613079380	41.24100422283890	34.2058501050694
1007	2024-01-01 12:48:00	36.1205393943346	63.74533454691300	48.578145010117800
1000	2024-01-01 12:49:00	42.377585378704200	59.55275476237450	64.07258975064950
1009	2024-01-01 12:50:00	49.89884088531090	60.076534926004000	53.986951836222400
1003	2024-01-01 12:51:00	72.18421424114730	29.938697968976100	45.10760767000910
1000	2024-01-01 12:52:00	43.13084244207510	69.48670957721490	34.538378803891000
1007	2024-01-01 12:53:00	45.41783480699430	44.414852579061100	61.52944551822860
1000	2024-01-01 12:54:00	57.323450544216500	57.77954772792760	53.605152149445000
1002	2024-01-01 12:55:00	37.61704311623950	75.23799790617030	35.27013612258240
1003	2024-01-01 12:56:00	54.42806381020920	71.55332748190620	61.89891053874990
1007	2024-01-01 12:57:00	62.05926807616590	40.22437874527310	33.995964382421300
1005	2024-01-01 12:58:00	46.92905115288900	35.55482662997730	47.79513845832590
1009	2024-01-01 12:59:00	60.26154281396870	64.30346598847930	47.35385296627870
1006	2024-01-01 13:00:00	52.91449923211810	51.42055811594	66.18381328847840
1007	2024-01-01 13:01:00	42.69318036196220	44.9911855869792	47.389538081198500
1001	2024-01-01 13:02:00	48.021953141034900	56.21218546939050	47.35357313699280
1009	2024-01-01 13:03:00	46.202426600197600	48.37120422540560	36.36921655102310
1007	2024-01-01 13:04:00	49.12361742183520	57.013241370487400	43.59602320941390
1002	2024-01-01 13:05:00	51.52717899219830	50.669818078187300	41.82704539119360
1006	2024-01-01 13:06:00	55.88199934971860	57.22387928328170	42.34777633995310
1002	2024-01-01 13:07:00	55.08668249587140	41.054673108636100	50.062845248918700
1006	2024-01-01 13:08:00	25.68286428737850	64.24462013132630	25.658236141574100
1001	2024-01-01 13:09:00	49.02691811227970	56.97623370732440	34.89769754583100
1009	2024-01-01 13:10:00	34.90578086593240	56.462973694035700	48.88981126392850
1005	2024-01-01 13:11:00	47.242727475326700	38.82330072988010	51.21254683103930
1002	2024-01-01 13:12:00	48.7621041218908	66.99632416644250	47.66567201356100
1002	2024-01-01 13:13:00	59.76148358084710	49.86283900633730	49.59205510215040
1008	2024-01-01 13:14:00	49.698845328999000	57.280488624298400	45.908833863447500
1006	2024-01-01 13:15:00	52.5921801834326	46.771755362533900	49.814953967703400
1004	2024-01-01 13:16:00	57.93056380657430	52.608890646821000	54.34142220262220
1009	2024-01-01 13:17:00	62.277522598193	52.97127352119400	54.27133728687660
1006	2024-01-01 13:18:00	48.769860766430900	21.80069067996580	43.110415885415000
1008	2024-01-01 13:19:00	50.941794416804100	55.82448124654830	59.150947395829500
1000	2024-01-01 13:20:00	50.100233022422500	69.65341461722090	51.571086945033200
1006	2024-01-01 13:21:00	44.57401035568920	55.39780258991960	62.32213956339770
1005	2024-01-01 13:22:00	42.308847765576100	40.42291751110260	64.32872431267080
1009	2024-01-01 13:23:00	27.281140835740600	56.49961566153890	35.57273278626750
1008	2024-01-01 13:24:00	39.233390654756700	60.59480530173340	41.40972461131290
1000	2024-01-01 13:25:00	32.21369166790200	55.12466516190390	58.1354803997055
1003	2024-01-01 13:26:00	62.55198484453250	49.25872893569960	33.351075798710500
1008	2024-01-01 13:27:00	51.88416008297430	47.578507741760700	64.20176962693370
1003	2024-01-01 13:28:00	48.74061027053170	47.53690244633190	46.56117805187340
1009	2024-01-01 13:29:00	42.82514813918920	56.97776901011210	55.750330351090200
1002	2024-01-01 13:30:00	50.29779263234620	35.92876004940370	48.83609337139220
1008	2024-01-01 13:31:00	41.52020122344670	46.281268391445900	36.07610472216310
1001	2024-01-01 13:32:00	51.74018556620600	65.95609823010950	60.55544602131980
1003	2024-01-01 13:33:00	52.45733982921350	66.34195266577180	77.5072303053733
1005	2024-01-01 13:34:00	41.38616297643260	35.21852912198340	44.84991723644310
1001	2024-01-01 13:35:00	41.19538035177590	38.68586388736390	46.77641449154760
1007	2024-01-01 13:36:00	59.62199354595120	47.29379420472060	23.509004567329400
1007	2024-01-01 13:37:00	49.471400457087	58.92589517114350	63.51502903456120
1000	2024-01-01 13:38:00	42.189795707351100	31.725256459470100	59.117653228420000
1002	2024-01-01 13:39:00	46.29493698310480	49.45191365082520	32.666161379450900
1009	2024-01-01 13:40:00	39.894059132933900	45.25820843420360	29.351145379531100
1008	2024-01-01 13:41:00	49.32816419338080	63.25964674285230	30.50768716834740
1004	2024-01-01 13:42:00	58.31628307664470	33.230915260307500	56.451691253728200
1005	2024-01-01 13:43:00	49.72329332405740	50.925406154936200	57.449914196140800
1003	2024-01-01 13:44:00	73.63633443675380	46.063905626514100	40.76666055631210
1009	2024-01-01 13:45:00	54.213595680490000	64.69798926277290	54.992600313828000
1001	2024-01-01 13:46:00	52.29954447842210	55.976526463532500	51.58877120991150
1007	2024-01-01 13:47:00	40.91697869034190	44.141843407422700	46.327302931457800
1005	2024-01-01 13:48:00	47.61466553157330	58.53386443329080	59.701968266853
1004	2024-01-01 13:49:00	42.209861569663100	46.111711466914300	37.950643987719600
1008	2024-01-01 13:50:00	28.343547715958800	59.993297112397500	61.47539213593900
1000	2024-01-01 13:51:00	59.74262222128810	47.629230091144200	42.714784459856500
1004	2024-01-01 13:52:00	44.88549444449770	60.54666578768760	67.81536681967040
1005	2024-01-01 13:53:00	42.39599925666690	54.3608195512725	39.946939765185300
1004	2024-01-01 13:54:00	52.10570033958470	82.60491080691420	46.48427921399870
1005	2024-01-01 13:55:00	55.12499552221520	49.471039945840000	50.58587137542350
1005	2024-01-01 13:56:00	46.79225167093720	53.828622916214500	50.52318547822480
1006	2024-01-01 13:57:00	49.97398332390980	45.20575258284070	54.908285006181000
1003	2024-01-01 13:58:00	57.46187407314400	50.02685340754780	37.143175817533200
1007	2024-01-01 13:59:00	46.39806405390050	22.98164865850560	49.62687591753370
1006	2024-01-01 14:00:00	53.02333741763330	54.65584016541030	51.38131706402720
1008	2024-01-01 14:01:00	33.407553816108500	63.42874212949410	44.72261775971870
1006	2024-01-01 14:02:00	37.58681001572250	53.96630004599350	54.040586174594200
1002	2024-01-01 14:03:00	56.055397780804000	36.86138542022620	36.53630086512220
1002	2024-01-01 14:04:00	37.064413608327000	41.98212847291000	46.735461109493200
1007	2024-01-01 14:05:00	52.34137547113300	25.698078728437300	42.46815875596330
1004	2024-01-01 14:06:00	48.530012178029300	59.78924006865420	46.76569070450980
1003	2024-01-01 14:07:00	46.35532737479770	39.9348670729042	64.47035459921200
1007	2024-01-01 14:08:00	41.71537231032270	49.71291409787770	64.664557261574
1005	2024-01-01 14:09:00	59.09340018105380	48.4626242767278	62.7041646058122
1001	2024-01-01 14:10:00	67.29891154519840	64.87727035658270	45.37742719919150
1003	2024-01-01 14:11:00	53.001921626001900	50.85281317965740	59.07618276800210
1003	2024-01-01 14:12:00	53.22490715672820	58.0889292010601	51.12362126925800
1005	2024-01-01 14:13:00	43.17669370142510	55.46463764147660	50.455897035030100
1005	2024-01-01 14:14:00	38.0390276817562	63.594114199614	49.22638652380830
1000	2024-01-01 14:15:00	49.60261095193830	47.60876305497040	67.58417857379130
1007	2024-01-01 14:16:00	40.262503520419200	68.69615330504520	63.658386055564600
1005	2024-01-01 14:17:00	32.273898716841800	30.14337843600690	57.448964184471000
1002	2024-01-01 14:18:00	58.034458123655800	58.57473498001240	48.296990344893700
1008	2024-01-01 14:19:00	58.52166788251830	41.33380391335870	50.39560758254560
1001	2024-01-01 14:20:00	41.41161227046910	45.07250447220050	55.30566604537730
1007	2024-01-01 14:21:00	52.43964321279240	55.694142669010400	44.783910881459800
1009	2024-01-01 14:22:00	60.019522677917700	55.61402049847740	59.38315715964500
1002	2024-01-01 14:23:00	52.05026687061880	56.06428013690070	40.787548885570900
1004	2024-01-01 14:24:00	38.068453539012700	36.138420558947600	53.91843687997410
1005	2024-01-01 14:25:00	47.67106586762900	64.49030231279240	27.1028445020737
1009	2024-01-01 14:26:00	63.26809420041990	40.993528817723200	44.4938147339787
1005	2024-01-01 14:27:00	52.470266436051100	42.327129097748000	70.77677132919440
1003	2024-01-01 14:28:00	55.391321031828100	56.37896738166830	60.36191494391910
1002	2024-01-01 14:29:00	53.41629219369110	47.13278825238760	65.35468449934520
1003	2024-01-01 14:30:00	41.444886420217500	53.08260840562490	43.32692332645620
1000	2024-01-01 14:31:00	43.79154780717360	28.43399303367210	51.03772836800440
1003	2024-01-01 14:32:00	53.388651570517400	52.843244495192300	62.819922530943000
1000	2024-01-01 14:33:00	58.16871780020410	52.17831879512220	56.33094934705380
1000	2024-01-01 14:34:00	60.999049509178800	44.901414622357200	55.08565877358320
1009	2024-01-01 14:35:00	41.41894455231810	29.259240402352100	66.30581970330060
1005	2024-01-01 14:36:00	54.33120534677190	47.871917385184000	39.59545034386070
1004	2024-01-01 14:37:00	61.87044111718980	49.62626140201390	48.15761960554500
1003	2024-01-01 14:38:00	40.129182297119800	46.32771009669510	32.45914437330650
1002	2024-01-01 14:39:00	64.86747135799770	31.63825535567500	39.04893948064400
1000	2024-01-01 14:40:00	66.3894082734419	65.94734007316920	60.74185392178970
1005	2024-01-01 14:41:00	76.2508633962166	43.61138472055630	40.82650733807880
1001	2024-01-01 14:42:00	52.30933440830000	47.777953370771000	57.35524254125100
1007	2024-01-01 14:43:00	52.36424676262450	25.905256787817100	66.5848504196808
1009	2024-01-01 14:44:00	58.26994389117320	65.94855348698210	48.22061825008060
1004	2024-01-01 14:45:00	57.978026730494200	45.33450068265940	55.19863439799810
1006	2024-01-01 14:46:00	61.263668609956100	50.98462817074200	57.433121295429200
1009	2024-01-01 14:47:00	57.840331804651000	61.20737444816650	37.785049369334300
1001	2024-01-01 14:48:00	48.939380909619600	43.23695795283370	43.835476546989500
1007	2024-01-01 14:49:00	62.21997120973500	59.63244987386540	39.96338788328200
1001	2024-01-01 14:50:00	39.28745850307270	29.386745440588600	44.63276889916970
1003	2024-01-01 14:51:00	50.05852336725380	55.50986657571310	57.16110698081100
1000	2024-01-01 14:52:00	65.63735616049800	65.72242166519650	44.04803269057710
1004	2024-01-01 14:53:00	37.49753501879680	44.195831527819700	49.64846773068180
1008	2024-01-01 14:54:00	43.22524343002840	61.188816202984000	39.57538383068760
1000	2024-01-01 14:55:00	56.71747291077290	68.33922652193780	62.26422164533700
1008	2024-01-01 14:56:00	53.939119732361500	47.45158161945980	44.54890009776660
1007	2024-01-01 14:57:00	41.24974592343760	46.62471714150140	65.22980551909950
1005	2024-01-01 14:58:00	45.838059972698600	41.017062541677000	50.6092909384936
1006	2024-01-01 14:59:00	38.19217937349660	44.90269844814870	35.930004220369200
1002	2024-01-01 15:00:00	59.80484999520570	41.8464010972738	48.28973253454380
1000	2024-01-01 15:01:00	47.44118642329470	41.00888901572770	39.37223172533840
1004	2024-01-01 15:02:00	67.92155910760630	61.98835296711360	55.89349377378150
1001	2024-01-01 15:03:00	50.811002440400200	42.1007397471174	47.386372176731300
1004	2024-01-01 15:04:00	47.80259696597120	52.58521914719620	51.632102550273500
1007	2024-01-01 15:05:00	46.83178238708200	50.38233435216240	46.30646889953440
1008	2024-01-01 15:06:00	47.55800164807570	64.98094562571120	44.446576961366700
1001	2024-01-01 15:07:00	51.10821095133800	44.96843767944990	40.26377990384370
1002	2024-01-01 15:08:00	75.12407576578320	53.81148046654320	58.362229368215300
1002	2024-01-01 15:09:00	46.611403299006400	57.91069702276110	48.26846898200300
1000	2024-01-01 15:10:00	46.936465392286900	64.89749607320580	46.85309106301620
1007	2024-01-01 15:11:00	50.655938456831800	44.82246654954730	48.0178610155784
1005	2024-01-01 15:12:00	60.9027450634426	43.8210753126762	43.21138206514230
1007	2024-01-01 15:13:00	35.79015438927220	39.38218946039950	46.88648573223980
1008	2024-01-01 15:14:00	54.550927369096500	72.3629962084824	52.05629814693490
1004	2024-01-01 15:15:00	41.82574823978840	63.84472438180390	39.65863000943240
1002	2024-01-01 15:16:00	55.53272688950950	49.57798605687960	41.10648006920790
1004	2024-01-01 15:17:00	45.06240057639540	69.31439151127060	63.782840936226700
1004	2024-01-01 15:18:00	26.958976602427100	48.981366056343400	46.37243467200440
1004	2024-01-01 15:19:00	53.69577602687490	57.24410471433530	44.4843919107599
1002	2024-01-01 15:20:00	53.611447703468700	50.101719017227200	36.56128394440720
1009	2024-01-01 15:21:00	44.2091969152057	53.97805451750470	58.506776374742400
1003	2024-01-01 15:22:00	43.61656139857000	52.91761442533550	39.440741864891600
1008	2024-01-01 15:23:00	36.88627274912350	45.75014626623350	49.84707339038540
1009	2024-01-01 15:24:00	57.730999415388700	60.92498538085350	32.918149306834100
1008	2024-01-01 15:25:00	58.82215782466810	57.159524176839000	58.18172800364120
1001	2024-01-01 15:26:00	41.2094911482411	60.27694593501480	61.7685624361858
1007	2024-01-01 15:27:00	44.600655404611500	53.20227185499350	54.845203454780200
1007	2024-01-01 15:28:00	49.367108788610400	40.93430118222870	34.655198685947000
1006	2024-01-01 15:29:00	72.70865281035550	67.09386066557700	58.38762143909230
1007	2024-01-01 15:30:00	55.45121747588930	47.37443766432570	41.72651000359650
1002	2024-01-01 15:31:00	40.5658448499162	53.640670285684100	38.290281212783900
1005	2024-01-01 15:32:00	53.03780309490510	56.35381358822270	46.16538954242350
1000	2024-01-01 15:33:00	36.23308459361920	53.57421716217620	45.966323266535100
1006	2024-01-01 15:34:00	57.179903099161700	59.154170212302700	44.949513488197100
1000	2024-01-01 15:35:00	66.75547393544490	60.73377922316500	62.73674247904690
1008	2024-01-01 15:36:00	66.79791685083960	47.75166496952750	70.11825996442630
1000	2024-01-01 15:37:00	57.348935034743400	66.25467341955650	36.30863462650540
1000	2024-01-01 15:38:00	44.1658764413187	47.33096445838740	43.1116760567541
1006	2024-01-01 15:39:00	36.99098243485870	53.36749048880790	51.427483360449600
1001	2024-01-01 15:40:00	35.99794956630890	46.12321816395770	46.112835090627700
1004	2024-01-01 15:41:00	21.937828905014600	43.2652647734921	53.99398749278520
1007	2024-01-01 15:42:00	56.93855763007920	60.44191088790870	59.15985355945800
1007	2024-01-01 15:43:00	48.97164479775600	81.21896897426050	57.49365942270040
1002	2024-01-01 15:44:00	59.092161664531300	46.38240111679680	56.09733567849830
1006	2024-01-01 15:45:00	64.28031485234790	62.15321574678080	66.59095520919720
1002	2024-01-01 15:46:00	50.9990554390241	46.74088687299810	34.11052717083890
1005	2024-01-01 15:47:00	51.4596160971315	49.895150231440000	64.80108791954620
1005	2024-01-01 15:48:00	45.35679655502530	67.57583772231670	45.87008365910260
1002	2024-01-01 15:49:00	46.539155828275900	39.26464714924690	57.85125220675630
1006	2024-01-01 15:50:00	57.28469912472930	36.61840931376880	39.703337717205600
1002	2024-01-01 15:51:00	48.2562496963469	49.12801351236850	40.91503608106720
1007	2024-01-01 15:52:00	46.80992333247180	56.636560279376700	56.62117291482030
1009	2024-01-01 15:53:00	49.81683140557150	54.63666571680880	30.712699772501500
1003	2024-01-01 15:54:00	58.8633019606159	53.60679175693000	59.894420782883100
1000	2024-01-01 15:55:00	43.073384421699000	50.34131981511580	62.59963502341590
1003	2024-01-01 15:56:00	49.334714824479700	57.86540026983920	51.777848538289600
1006	2024-01-01 15:57:00	52.4527783777843	20.863275579550300	51.41761035578560
1003	2024-01-01 15:58:00	61.60221903585240	42.49194694912260	41.66363855091550
1005	2024-01-01 15:59:00	47.607032232005800	49.063875907165500	56.74449402403670
1008	2024-01-01 16:00:00	42.821766139482800	57.045347991025100	53.47665246407430
1000	2024-01-01 16:01:00	45.156390557276400	64.89765140068570	40.78494603976180
1004	2024-01-01 16:02:00	60.53057433015380	41.1490029183286	46.08520049911810
1006	2024-01-01 16:03:00	70.33305298603460	64.57078625536570	48.406645753042000
1000	2024-01-01 16:04:00	36.86242186313970	45.47438330798640	46.07197803480810
1003	2024-01-01 16:05:00	39.04698384930140	48.70090217019310	36.37088586650030
1005	2024-01-01 16:06:00	48.312032132978500	55.81432518797610	56.99020308583900
1001	2024-01-01 16:07:00	51.10956096068040	47.96763920693230	47.564895440981100
1009	2024-01-01 16:08:00	57.869695655550000	61.10117606666320	50.1536477589331
1004	2024-01-01 16:09:00	41.088669913985100	45.95395854886860	44.21733412602570
1009	2024-01-01 16:10:00	39.36890963350540	46.10465008719670	54.7527147397199
1000	2024-01-01 16:11:00	51.3808715313363	60.519799542093300	51.986961843814000
1005	2024-01-01 16:12:00	47.41599279792830	42.368756117323400	62.12784389130420
1005	2024-01-01 16:13:00	59.26720997771530	52.4892909531666	54.80598712938980
1003	2024-01-01 16:14:00	54.87359803190380	33.395173323061800	47.97315598162890
1007	2024-01-01 16:15:00	55.55379347633220	68.1963935206119	42.602831824974400
1003	2024-01-01 16:16:00	48.95518653623130	62.06551936236780	58.659526839166400
1007	2024-01-01 16:17:00	73.55580258568210	77.50107199580760	47.17423901213540
1007	2024-01-01 16:18:00	41.6225201840624	63.383637314463900	48.28282433403780
1004	2024-01-01 16:19:00	56.10809833754780	38.70349770399520	48.28028393707330
1003	2024-01-01 16:20:00	37.30310012926890	56.68649860160590	45.983922893428700
1001	2024-01-01 16:21:00	39.265323222605500	40.819912377782000	48.45461005770130
1002	2024-01-01 16:22:00	43.92654401234550	65.78037507053100	69.26207562732580
1002	2024-01-01 16:23:00	66.29323336618030	38.98859712022430	39.521779458723100
1003	2024-01-01 16:24:00	52.63894430454020	38.508451157602000	41.8549578923839
1003	2024-01-01 16:25:00	44.095219314556200	33.90188546303310	63.8432441815425
1009	2024-01-01 16:26:00	53.744363259545700	45.11620178737000	46.251956155049300
1004	2024-01-01 16:27:00	50.351478814245100	43.10522175216430	45.49378715925110
1003	2024-01-01 16:28:00	45.0802663086088	37.383508941607300	60.34863856773430
1009	2024-01-01 16:29:00	36.03371144211770	69.89809104243520	35.79804382718250
1007	2024-01-01 16:30:00	64.3854248451229	55.29880696386650	58.21454429253410
1005	2024-01-01 16:31:00	52.09818128710040	54.12234539856710	50.45616429321540
1005	2024-01-01 16:32:00	71.7373837346824	65.89164419247930	54.64802130831980
1007	2024-01-01 16:33:00	59.403216205408800	52.56257792042940	54.46030955252130
1006	2024-01-01 16:34:00	55.51319724761040	42.513197984948600	43.72017413517360
1009	2024-01-01 16:35:00	45.64795671383030	32.99790257482340	60.51183780149910
1009	2024-01-01 16:36:00	39.04654436143080	41.94942607656600	44.498622885219300
1007	2024-01-01 16:37:00	47.82269015511550	65.05415600508460	54.08849018998740
1001	2024-01-01 16:38:00	38.75707405794170	37.4466388431384	62.377244855291400
1008	2024-01-01 16:39:00	56.50190380730750	53.531272379978800	63.789016998464700
